"HIOKI E.E. CORPORATION","IM3570","Ver. 3.11"

"DATE","23-03-29"
"TIME","10:10:24"

"SOURCE","FREQ"
"TRIG","SEQ"
"DRAW","REAL"
"TRIG DELAY","0.0000","s"
"DCBIAS","OFF"

"V","0.150","V"
"RANGE","AUTO"
"SPEED","MED"
"AVG","OFF"
"POINT DELAY","0.0000","s"
"No.","FREQUENCY(Hz)","Z[É∂]","É∆[Åã]"
"1","10.000E+03","6.594648E+03","-89.086"
"2","10.020E+03","6.582149E+03","-89.086"
"3","10.040E+03","6.569672E+03","-89.093"
"4","10.061E+03","6.556143E+03","-89.084"
"5","10.081E+03","6.542087E+03","-89.074"
"6","10.101E+03","6.529447E+03","-89.093"
"7","10.121E+03","6.518749E+03","-89.089"
"8","10.142E+03","6.503148E+03","-89.088"
"9","10.162E+03","6.492451E+03","-89.090"
"10","10.183E+03","6.478273E+03","-89.096"
"11","10.203E+03","6.464906E+03","-89.072"
"12","10.224E+03","6.451808E+03","-89.090"
"13","10.244E+03","6.437470E+03","-89.082"
"14","10.265E+03","6.425060E+03","-89.085"
"15","10.286E+03","6.412289E+03","-89.080"
"16","10.306E+03","6.400068E+03","-89.073"
"17","10.327E+03","6.387775E+03","-89.086"
"18","10.348E+03","6.373740E+03","-89.087"
"19","10.369E+03","6.360869E+03","-89.084"
"20","10.390E+03","6.348116E+03","-89.084"
"21","10.411E+03","6.335972E+03","-89.079"
"22","10.432E+03","6.322456E+03","-89.088"
"23","10.453E+03","6.310424E+03","-89.092"
"24","10.474E+03","6.297863E+03","-89.087"
"25","10.495E+03","6.285800E+03","-89.084"
"26","10.516E+03","6.272637E+03","-89.080"
"27","10.537E+03","6.259842E+03","-89.079"
"28","10.558E+03","6.247360E+03","-89.088"
"29","10.579E+03","6.236298E+03","-89.086"
"30","10.601E+03","6.223687E+03","-89.082"
"31","10.622E+03","6.211111E+03","-89.098"
"32","10.644E+03","6.198036E+03","-89.092"
"33","10.665E+03","6.185389E+03","-89.083"
"34","10.686E+03","6.173285E+03","-89.097"
"35","10.708E+03","6.160646E+03","-89.092"
"36","10.730E+03","6.148360E+03","-89.093"
"37","10.751E+03","6.136238E+03","-89.073"
"38","10.773E+03","6.124630E+03","-89.081"
"39","10.794E+03","6.111196E+03","-89.080"
"40","10.816E+03","6.100614E+03","-89.080"
"41","10.838E+03","6.087857E+03","-89.083"
"42","10.860E+03","6.074663E+03","-89.090"
"43","10.882E+03","6.062222E+03","-89.092"
"44","10.904E+03","6.049694E+03","-89.081"
"45","10.926E+03","6.038413E+03","-89.081"
"46","10.948E+03","6.026138E+03","-89.095"
"47","10.970E+03","6.014121E+03","-89.078"
"48","10.992E+03","6.001347E+03","-89.081"
"49","11.014E+03","5.989995E+03","-89.085"
"50","11.036E+03","5.978683E+03","-89.080"
"51","11.058E+03","5.967027E+03","-89.075"
"52","11.080E+03","5.955116E+03","-89.082"
"53","11.103E+03","5.941764E+03","-89.090"
"54","11.125E+03","5.930092E+03","-89.083"
"55","11.148E+03","5.917196E+03","-89.085"
"56","11.170E+03","5.906252E+03","-89.092"
"57","11.193E+03","5.893827E+03","-89.075"
"58","11.215E+03","5.882475E+03","-89.087"
"59","11.238E+03","5.870013E+03","-89.085"
"60","11.260E+03","5.860602E+03","-89.078"
"61","11.283E+03","5.847897E+03","-89.089"
"62","11.306E+03","5.835369E+03","-89.078"
"63","11.328E+03","5.824735E+03","-89.089"
"64","11.351E+03","5.812768E+03","-89.087"
"65","11.374E+03","5.800804E+03","-89.076"
"66","11.397E+03","5.788362E+03","-89.087"
"67","11.420E+03","5.777123E+03","-89.085"
"68","11.443E+03","5.764516E+03","-89.091"
"69","11.466E+03","5.755406E+03","-89.076"
"70","11.489E+03","5.742423E+03","-89.084"
"71","11.512E+03","5.730309E+03","-89.078"
"72","11.535E+03","5.720103E+03","-89.085"
"73","11.559E+03","5.707671E+03","-89.082"
"74","11.582E+03","5.695491E+03","-89.087"
"75","11.605E+03","5.684783E+03","-89.077"
"76","11.629E+03","5.674505E+03","-89.079"
"77","11.652E+03","5.662227E+03","-89.081"
"78","11.676E+03","5.650998E+03","-89.081"
"79","11.699E+03","5.638956E+03","-89.087"
"80","11.723E+03","5.627353E+03","-89.073"
"81","11.746E+03","5.617706E+03","-89.076"
"82","11.770E+03","5.604928E+03","-89.076"
"83","11.794E+03","5.593743E+03","-89.082"
"84","11.817E+03","5.583088E+03","-89.083"
"85","11.841E+03","5.572977E+03","-89.081"
"86","11.865E+03","5.561793E+03","-89.090"
"87","11.889E+03","5.549487E+03","-89.089"
"88","11.913E+03","5.539023E+03","-89.079"
"89","11.937E+03","5.526575E+03","-89.085"
"90","11.961E+03","5.514878E+03","-89.069"
"91","11.985E+03","5.503884E+03","-89.080"
"92","12.009E+03","5.493327E+03","-89.091"
"93","12.033E+03","5.483947E+03","-89.089"
"94","12.057E+03","5.472864E+03","-89.080"
"95","12.082E+03","5.461504E+03","-89.080"
"96","12.106E+03","5.450278E+03","-89.070"
"97","12.130E+03","5.439438E+03","-89.082"
"98","12.155E+03","5.427854E+03","-89.079"
"99","12.179E+03","5.417380E+03","-89.076"
"100","12.204E+03","5.407178E+03","-89.075"
"101","12.228E+03","5.395752E+03","-89.084"
"102","12.253E+03","5.384462E+03","-89.078"
"103","12.278E+03","5.373131E+03","-89.075"
"104","12.302E+03","5.363600E+03","-89.078"
"105","12.327E+03","5.352963E+03","-89.082"
"106","12.352E+03","5.341719E+03","-89.086"
"107","12.377E+03","5.330913E+03","-89.084"
"108","12.402E+03","5.319380E+03","-89.079"
"109","12.427E+03","5.310127E+03","-89.070"
"110","12.452E+03","5.298554E+03","-89.072"
"111","12.477E+03","5.287754E+03","-89.078"
"112","12.502E+03","5.277491E+03","-89.072"
"113","12.527E+03","5.266615E+03","-89.080"
"114","12.552E+03","5.256285E+03","-89.066"
"115","12.578E+03","5.246381E+03","-89.073"
"116","12.603E+03","5.235117E+03","-89.083"
"117","12.628E+03","5.224371E+03","-89.075"
"118","12.654E+03","5.213659E+03","-89.084"
"119","12.679E+03","5.203013E+03","-89.076"
"120","12.705E+03","5.193847E+03","-89.074"
"121","12.731E+03","5.182754E+03","-89.075"
"122","12.756E+03","5.172010E+03","-89.074"
"123","12.782E+03","5.161635E+03","-89.071"
"124","12.808E+03","5.152057E+03","-89.078"
"125","12.833E+03","5.141705E+03","-89.076"
"126","12.859E+03","5.130629E+03","-89.067"
"127","12.885E+03","5.121035E+03","-89.081"
"128","12.911E+03","5.110136E+03","-89.077"
"129","12.937E+03","5.100219E+03","-89.082"
"130","12.963E+03","5.089375E+03","-89.067"
"131","12.989E+03","5.079690E+03","-89.077"
"132","13.015E+03","5.069137E+03","-89.077"
"133","13.042E+03","5.059614E+03","-89.083"
"134","13.068E+03","5.050091E+03","-89.078"
"135","13.094E+03","5.039129E+03","-89.078"
"136","13.121E+03","5.028692E+03","-89.075"
"137","13.147E+03","5.018621E+03","-89.082"
"138","13.173E+03","5.008707E+03","-89.077"
"139","13.200E+03","4.998308E+03","-89.075"
"140","13.227E+03","4.987672E+03","-89.072"
"141","13.253E+03","4.978601E+03","-89.073"
"142","13.280E+03","4.968549E+03","-89.072"
"143","13.307E+03","4.957964E+03","-89.075"
"144","13.333E+03","4.948028E+03","-89.074"
"145","13.360E+03","4.937951E+03","-89.065"
"146","13.387E+03","4.928390E+03","-89.073"
"147","13.414E+03","4.917504E+03","-89.082"
"148","13.441E+03","4.908385E+03","-89.079"
"149","13.468E+03","4.898075E+03","-89.079"
"150","13.495E+03","4.888377E+03","-89.074"
"151","13.522E+03","4.878620E+03","-89.072"
"152","13.550E+03","4.868038E+03","-89.079"
"153","13.577E+03","4.858694E+03","-89.075"
"154","13.604E+03","4.848790E+03","-89.067"
"155","13.632E+03","4.839040E+03","-89.064"
"156","13.659E+03","4.829783E+03","-89.073"
"157","13.687E+03","4.819282E+03","-89.066"
"158","13.714E+03","4.809144E+03","-89.061"
"159","13.742E+03","4.799714E+03","-89.067"
"160","13.770E+03","4.789750E+03","-89.075"
"161","13.797E+03","4.781220E+03","-89.068"
"162","13.825E+03","4.770752E+03","-89.065"
"163","13.853E+03","4.760854E+03","-89.057"
"164","13.881E+03","4.751545E+03","-89.063"
"165","13.909E+03","4.742391E+03","-89.054"
"166","13.937E+03","4.733727E+03","-89.045"
"167","13.965E+03","4.724422E+03","-89.050"
"168","13.993E+03","4.714763E+03","-89.052"
"169","14.021E+03","4.705525E+03","-89.060"
"170","14.049E+03","4.696245E+03","-89.066"
"171","14.078E+03","4.687007E+03","-89.062"
"172","14.106E+03","4.677676E+03","-89.057"
"173","14.134E+03","4.668313E+03","-89.062"
"174","14.163E+03","4.658884E+03","-89.075"
"175","14.191E+03","4.648948E+03","-89.059"
"176","14.220E+03","4.639822E+03","-89.067"
"177","14.249E+03","4.629906E+03","-89.061"
"178","14.277E+03","4.620418E+03","-89.065"
"179","14.306E+03","4.610995E+03","-89.070"
"180","14.335E+03","4.602926E+03","-89.067"
"181","14.364E+03","4.592566E+03","-89.067"
"182","14.393E+03","4.583161E+03","-89.071"
"183","14.422E+03","4.574345E+03","-89.066"
"184","14.451E+03","4.565349E+03","-89.066"
"185","14.480E+03","4.556208E+03","-89.069"
"186","14.509E+03","4.546338E+03","-89.072"
"187","14.538E+03","4.537962E+03","-89.068"
"188","14.567E+03","4.527983E+03","-89.059"
"189","14.597E+03","4.519528E+03","-89.071"
"190","14.626E+03","4.509418E+03","-89.071"
"191","14.656E+03","4.500747E+03","-89.065"
"192","14.685E+03","4.491592E+03","-89.065"
"193","14.715E+03","4.481992E+03","-89.069"
"194","14.744E+03","4.473429E+03","-89.067"
"195","14.774E+03","4.464554E+03","-89.063"
"196","14.804E+03","4.455687E+03","-89.075"
"197","14.834E+03","4.446512E+03","-89.064"
"198","14.864E+03","4.436950E+03","-89.060"
"199","14.893E+03","4.428595E+03","-89.067"
"200","14.923E+03","4.419548E+03","-89.062"
"201","14.953E+03","4.410663E+03","-89.074"
"202","14.984E+03","4.401860E+03","-89.073"
"203","15.014E+03","4.392855E+03","-89.064"
"204","15.044E+03","4.384025E+03","-89.064"
"205","15.074E+03","4.375243E+03","-89.068"
"206","15.105E+03","4.366122E+03","-89.063"
"207","15.135E+03","4.357662E+03","-89.071"
"208","15.166E+03","4.348772E+03","-89.068"
"209","15.196E+03","4.339709E+03","-89.064"
"210","15.227E+03","4.330757E+03","-89.058"
"211","15.257E+03","4.322519E+03","-89.064"
"212","15.288E+03","4.313922E+03","-89.069"
"213","15.319E+03","4.305247E+03","-89.063"
"214","15.350E+03","4.296456E+03","-89.068"
"215","15.381E+03","4.286937E+03","-89.061"
"216","15.412E+03","4.279236E+03","-89.063"
"217","15.443E+03","4.269847E+03","-89.070"
"218","15.474E+03","4.261164E+03","-89.065"
"219","15.505E+03","4.252282E+03","-89.065"
"220","15.536E+03","4.244186E+03","-89.064"
"221","15.567E+03","4.235947E+03","-89.065"
"222","15.599E+03","4.227252E+03","-89.065"
"223","15.630E+03","4.218403E+03","-89.065"
"224","15.662E+03","4.209697E+03","-89.068"
"225","15.693E+03","4.201395E+03","-89.067"
"226","15.725E+03","4.192973E+03","-89.065"
"227","15.756E+03","4.185129E+03","-89.071"
"228","15.788E+03","4.175965E+03","-89.068"
"229","15.820E+03","4.167782E+03","-89.069"
"230","15.852E+03","4.159188E+03","-89.071"
"231","15.884E+03","4.149499E+03","-89.063"
"232","15.916E+03","4.142066E+03","-89.065"
"233","15.948E+03","4.133699E+03","-89.062"
"234","15.980E+03","4.125543E+03","-89.060"
"235","16.012E+03","4.117045E+03","-89.071"
"236","16.044E+03","4.108829E+03","-89.064"
"237","16.077E+03","4.100903E+03","-89.061"
"238","16.109E+03","4.092499E+03","-89.066"
"239","16.141E+03","4.084154E+03","-89.065"
"240","16.174E+03","4.075640E+03","-89.068"
"241","16.207E+03","4.067085E+03","-89.068"
"242","16.239E+03","4.059171E+03","-89.061"
"243","16.272E+03","4.051538E+03","-89.061"
"244","16.305E+03","4.042911E+03","-89.063"
"245","16.338E+03","4.034474E+03","-89.064"
"246","16.370E+03","4.026285E+03","-89.062"
"247","16.403E+03","4.018226E+03","-89.059"
"248","16.436E+03","4.010285E+03","-89.060"
"249","16.470E+03","4.002021E+03","-89.062"
"250","16.503E+03","3.994033E+03","-89.065"
"251","16.536E+03","3.985569E+03","-89.062"
"252","16.569E+03","3.977665E+03","-89.063"
"253","16.603E+03","3.969593E+03","-89.062"
"254","16.636E+03","3.961656E+03","-89.066"
"255","16.670E+03","3.953615E+03","-89.066"
"256","16.703E+03","3.945823E+03","-89.059"
"257","16.737E+03","3.937486E+03","-89.063"
"258","16.770E+03","3.930204E+03","-89.067"
"259","16.804E+03","3.922044E+03","-89.072"
"260","16.838E+03","3.913819E+03","-89.065"
"261","16.872E+03","3.906000E+03","-89.065"
"262","16.906E+03","3.897611E+03","-89.058"
"263","16.940E+03","3.890028E+03","-89.068"
"264","16.974E+03","3.881719E+03","-89.062"
"265","17.008E+03","3.874278E+03","-89.063"
"266","17.043E+03","3.865879E+03","-89.059"
"267","17.077E+03","3.858139E+03","-89.060"
"268","17.111E+03","3.851091E+03","-89.063"
"269","17.146E+03","3.842984E+03","-89.066"
"270","17.180E+03","3.835090E+03","-89.063"
"271","17.215E+03","3.826874E+03","-89.061"
"272","17.249E+03","3.819439E+03","-89.055"
"273","17.284E+03","3.811653E+03","-89.063"
"274","17.319E+03","3.803823E+03","-89.059"
"275","17.354E+03","3.796137E+03","-89.061"
"276","17.389E+03","3.788609E+03","-89.066"
"277","17.424E+03","3.780300E+03","-89.063"
"278","17.459E+03","3.773403E+03","-89.058"
"279","17.494E+03","3.765736E+03","-89.062"
"280","17.529E+03","3.757807E+03","-89.063"
"281","17.565E+03","3.750334E+03","-89.059"
"282","17.600E+03","3.743202E+03","-89.063"
"283","17.635E+03","3.735189E+03","-89.062"
"284","17.671E+03","3.727559E+03","-89.061"
"285","17.707E+03","3.719616E+03","-89.061"
"286","17.742E+03","3.712861E+03","-89.058"
"287","17.778E+03","3.704567E+03","-89.058"
"288","17.814E+03","3.697454E+03","-89.060"
"289","17.850E+03","3.690014E+03","-89.057"
"290","17.886E+03","3.681983E+03","-89.059"
"291","17.922E+03","3.674527E+03","-89.058"
"292","17.958E+03","3.667362E+03","-89.059"
"293","17.994E+03","3.659311E+03","-89.058"
"294","18.030E+03","3.652656E+03","-89.055"
"295","18.066E+03","3.644963E+03","-89.053"
"296","18.103E+03","3.637772E+03","-89.057"
"297","18.139E+03","3.629887E+03","-89.063"
"298","18.176E+03","3.622992E+03","-89.059"
"299","18.212E+03","3.615687E+03","-89.055"
"300","18.249E+03","3.608093E+03","-89.058"
"301","18.286E+03","3.600863E+03","-89.054"
"302","18.323E+03","3.593560E+03","-89.056"
"303","18.360E+03","3.585891E+03","-89.064"
"304","18.396E+03","3.578759E+03","-89.059"
"305","18.434E+03","3.571307E+03","-89.053"
"306","18.471E+03","3.564165E+03","-89.059"
"307","18.508E+03","3.556998E+03","-89.056"
"308","18.545E+03","3.549652E+03","-89.052"
"309","18.582E+03","3.542396E+03","-89.056"
"310","18.620E+03","3.534878E+03","-89.060"
"311","18.657E+03","3.528090E+03","-89.057"
"312","18.695E+03","3.521093E+03","-89.056"
"313","18.733E+03","3.513818E+03","-89.057"
"314","18.770E+03","3.506564E+03","-89.058"
"315","18.808E+03","3.499340E+03","-89.054"
"316","18.846E+03","3.492007E+03","-89.054"
"317","18.884E+03","3.485078E+03","-89.055"
"318","18.922E+03","3.477999E+03","-89.053"
"319","18.960E+03","3.470821E+03","-89.053"
"320","18.998E+03","3.464257E+03","-89.054"
"321","19.037E+03","3.456937E+03","-89.059"
"322","19.075E+03","3.449793E+03","-89.056"
"323","19.113E+03","3.442927E+03","-89.056"
"324","19.152E+03","3.435587E+03","-89.058"
"325","19.190E+03","3.428594E+03","-89.054"
"326","19.229E+03","3.421446E+03","-89.052"
"327","19.268E+03","3.414702E+03","-89.053"
"328","19.307E+03","3.407575E+03","-89.050"
"329","19.345E+03","3.401054E+03","-89.050"
"330","19.384E+03","3.393870E+03","-89.053"
"331","19.423E+03","3.387279E+03","-89.052"
"332","19.463E+03","3.379841E+03","-89.057"
"333","19.502E+03","3.372963E+03","-89.052"
"334","19.541E+03","3.366490E+03","-89.059"
"335","19.580E+03","3.359248E+03","-89.056"
"336","19.620E+03","3.352326E+03","-89.047"
"337","19.659E+03","3.345625E+03","-89.049"
"338","19.699E+03","3.338788E+03","-89.053"
"339","19.739E+03","3.331871E+03","-89.049"
"340","19.778E+03","3.325183E+03","-89.054"
"341","19.818E+03","3.318531E+03","-89.049"
"342","19.858E+03","3.311648E+03","-89.051"
"343","19.898E+03","3.304953E+03","-89.048"
"344","19.938E+03","3.298081E+03","-89.053"
"345","19.978E+03","3.291525E+03","-89.053"
"346","20.018E+03","3.285042E+03","-89.052"
"347","20.059E+03","3.277708E+03","-89.053"
"348","20.099E+03","3.271403E+03","-89.051"
"349","20.140E+03","3.264469E+03","-89.047"
"350","20.180E+03","3.257974E+03","-89.054"
"351","20.221E+03","3.251254E+03","-89.049"
"352","20.262E+03","3.244584E+03","-89.051"
"353","20.302E+03","3.238120E+03","-89.050"
"354","20.343E+03","3.231406E+03","-89.052"
"355","20.384E+03","3.224714E+03","-89.046"
"356","20.425E+03","3.217944E+03","-89.047"
"357","20.466E+03","3.211454E+03","-89.045"
"358","20.508E+03","3.205199E+03","-89.049"
"359","20.549E+03","3.198498E+03","-89.049"
"360","20.590E+03","3.191832E+03","-89.051"
"361","20.632E+03","3.185288E+03","-89.046"
"362","20.673E+03","3.178922E+03","-89.050"
"363","20.715E+03","3.172407E+03","-89.049"
"364","20.757E+03","3.165830E+03","-89.045"
"365","20.798E+03","3.159317E+03","-89.044"
"366","20.840E+03","3.152854E+03","-89.051"
"367","20.882E+03","3.146401E+03","-89.043"
"368","20.924E+03","3.140295E+03","-89.046"
"369","20.967E+03","3.133476E+03","-89.049"
"370","21.009E+03","3.127187E+03","-89.046"
"371","21.051E+03","3.120641E+03","-89.048"
"372","21.093E+03","3.114275E+03","-89.050"
"373","21.136E+03","3.107970E+03","-89.049"
"374","21.178E+03","3.101582E+03","-89.044"
"375","21.221E+03","3.095249E+03","-89.048"
"376","21.264E+03","3.088711E+03","-89.048"
"377","21.307E+03","3.082645E+03","-89.046"
"378","21.350E+03","3.076178E+03","-89.051"
"379","21.393E+03","3.069749E+03","-89.047"
"380","21.436E+03","3.063518E+03","-89.047"
"381","21.479E+03","3.057453E+03","-89.046"
"382","21.522E+03","3.051079E+03","-89.042"
"383","21.565E+03","3.044734E+03","-89.049"
"384","21.609E+03","3.038397E+03","-89.049"
"385","21.652E+03","3.032292E+03","-89.051"
"386","21.696E+03","3.026052E+03","-89.054"
"387","21.740E+03","3.019696E+03","-89.047"
"388","21.783E+03","3.013582E+03","-89.048"
"389","21.827E+03","3.007520E+03","-89.046"
"390","21.871E+03","3.000994E+03","-89.045"
"391","21.915E+03","2.994998E+03","-89.046"
"392","21.959E+03","2.988897E+03","-89.041"
"393","22.004E+03","2.982549E+03","-89.045"
"394","22.048E+03","2.976747E+03","-89.045"
"395","22.092E+03","2.970622E+03","-89.042"
"396","22.137E+03","2.964279E+03","-89.048"
"397","22.181E+03","2.958134E+03","-89.047"
"398","22.226E+03","2.952036E+03","-89.042"
"399","22.271E+03","2.945951E+03","-89.041"
"400","22.316E+03","2.939810E+03","-89.047"
"401","22.361E+03","2.934138E+03","-89.046"
"402","22.406E+03","2.927769E+03","-89.045"
"403","22.451E+03","2.921798E+03","-89.046"
"404","22.496E+03","2.915674E+03","-89.043"
"405","22.541E+03","2.909972E+03","-89.045"
"406","22.587E+03","2.903864E+03","-89.042"
"407","22.632E+03","2.898054E+03","-89.045"
"408","22.678E+03","2.891682E+03","-89.043"
"409","22.723E+03","2.886139E+03","-89.047"
"410","22.769E+03","2.879883E+03","-89.046"
"411","22.815E+03","2.873995E+03","-89.050"
"412","22.861E+03","2.868472E+03","-89.046"
"413","22.907E+03","2.862362E+03","-89.045"
"414","22.953E+03","2.856337E+03","-89.045"
"415","22.999E+03","2.850595E+03","-89.043"
"416","23.046E+03","2.844522E+03","-89.043"
"417","23.092E+03","2.838705E+03","-89.041"
"418","23.139E+03","2.832911E+03","-89.046"
"419","23.185E+03","2.827023E+03","-89.047"
"420","23.232E+03","2.821097E+03","-89.042"
"421","23.279E+03","2.815373E+03","-89.046"
"422","23.326E+03","2.809378E+03","-89.044"
"423","23.373E+03","2.803704E+03","-89.039"
"424","23.420E+03","2.797939E+03","-89.041"
"425","23.467E+03","2.792183E+03","-89.044"
"426","23.514E+03","2.786427E+03","-89.039"
"427","23.561E+03","2.780662E+03","-89.041"
"428","23.609E+03","2.774690E+03","-89.042"
"429","23.656E+03","2.768940E+03","-89.044"
"430","23.704E+03","2.763141E+03","-89.047"
"431","23.752E+03","2.757520E+03","-89.041"
"432","23.800E+03","2.751752E+03","-89.042"
"433","23.848E+03","2.746073E+03","-89.041"
"434","23.896E+03","2.740478E+03","-89.042"
"435","23.944E+03","2.734855E+03","-89.038"
"436","23.992E+03","2.729312E+03","-89.042"
"437","24.040E+03","2.723486E+03","-89.047"
"438","24.089E+03","2.717728E+03","-89.041"
"439","24.137E+03","2.712243E+03","-89.043"
"440","24.186E+03","2.706616E+03","-89.038"
"441","24.234E+03","2.701011E+03","-89.038"
"442","24.283E+03","2.695483E+03","-89.041"
"443","24.332E+03","2.689842E+03","-89.041"
"444","24.381E+03","2.684442E+03","-89.040"
"445","24.430E+03","2.678747E+03","-89.043"
"446","24.479E+03","2.673136E+03","-89.043"
"447","24.529E+03","2.667535E+03","-89.042"
"448","24.578E+03","2.662042E+03","-89.042"
"449","24.628E+03","2.656627E+03","-89.043"
"450","24.677E+03","2.651047E+03","-89.039"
"451","24.727E+03","2.645543E+03","-89.039"
"452","24.777E+03","2.639921E+03","-89.042"
"453","24.827E+03","2.634441E+03","-89.041"
"454","24.877E+03","2.628897E+03","-89.041"
"455","24.927E+03","2.623599E+03","-89.043"
"456","24.977E+03","2.618053E+03","-89.041"
"457","25.027E+03","2.612741E+03","-89.040"
"458","25.078E+03","2.607274E+03","-89.042"
"459","25.128E+03","2.601995E+03","-89.037"
"460","25.179E+03","2.596462E+03","-89.039"
"461","25.229E+03","2.590984E+03","-89.039"
"462","25.280E+03","2.585409E+03","-89.039"
"463","25.331E+03","2.580176E+03","-89.038"
"464","25.382E+03","2.574868E+03","-89.038"
"465","25.433E+03","2.569355E+03","-89.039"
"466","25.485E+03","2.564082E+03","-89.041"
"467","25.536E+03","2.558763E+03","-89.039"
"468","25.587E+03","2.553594E+03","-89.040"
"469","25.639E+03","2.548090E+03","-89.037"
"470","25.690E+03","2.542794E+03","-89.036"
"471","25.742E+03","2.537359E+03","-89.035"
"472","25.794E+03","2.532211E+03","-89.037"
"473","25.846E+03","2.526796E+03","-89.038"
"474","25.898E+03","2.521613E+03","-89.038"
"475","25.950E+03","2.516306E+03","-89.037"
"476","26.002E+03","2.511127E+03","-89.037"
"477","26.055E+03","2.505792E+03","-89.038"
"478","26.107E+03","2.500695E+03","-89.037"
"479","26.160E+03","2.495373E+03","-89.037"
"480","26.212E+03","2.490310E+03","-89.037"
"481","26.265E+03","2.484961E+03","-89.036"
"482","26.318E+03","2.479759E+03","-89.038"
"483","26.371E+03","2.474761E+03","-89.037"
"484","26.424E+03","2.469472E+03","-89.036"
"485","26.477E+03","2.464254E+03","-89.034"
"486","26.531E+03","2.458984E+03","-89.034"
"487","26.584E+03","2.453876E+03","-89.034"
"488","26.638E+03","2.448687E+03","-89.036"
"489","26.691E+03","2.443665E+03","-89.033"
"490","26.745E+03","2.438514E+03","-89.034"
"491","26.799E+03","2.433411E+03","-89.036"
"492","26.853E+03","2.428276E+03","-89.035"
"493","26.907E+03","2.423227E+03","-89.033"
"494","26.961E+03","2.418169E+03","-89.035"
"495","27.016E+03","2.412998E+03","-89.036"
"496","27.070E+03","2.408021E+03","-89.032"
"497","27.124E+03","2.403007E+03","-89.029"
"498","27.179E+03","2.397989E+03","-89.032"
"499","27.234E+03","2.392821E+03","-89.033"
"500","27.289E+03","2.387831E+03","-89.031"
"501","27.344E+03","2.382657E+03","-89.031"
"502","27.399E+03","2.377776E+03","-89.036"
"503","27.454E+03","2.372750E+03","-89.033"
"504","27.509E+03","2.367641E+03","-89.031"
"505","27.565E+03","2.362676E+03","-89.029"
"506","27.620E+03","2.357666E+03","-89.033"
"507","27.676E+03","2.352916E+03","-89.033"
"508","27.731E+03","2.347823E+03","-89.029"
"509","27.787E+03","2.342842E+03","-89.030"
"510","27.843E+03","2.337963E+03","-89.029"
"511","27.899E+03","2.332896E+03","-89.031"
"512","27.955E+03","2.327943E+03","-89.029"
"513","28.012E+03","2.323083E+03","-89.031"
"514","28.068E+03","2.318221E+03","-89.030"
"515","28.125E+03","2.313196E+03","-89.030"
"516","28.181E+03","2.308452E+03","-89.029"
"517","28.238E+03","2.303553E+03","-89.029"
"518","28.295E+03","2.298492E+03","-89.026"
"519","28.352E+03","2.293666E+03","-89.029"
"520","28.409E+03","2.288762E+03","-89.030"
"521","28.466E+03","2.283802E+03","-89.026"
"522","28.524E+03","2.278974E+03","-89.026"
"523","28.581E+03","2.273989E+03","-89.028"
"524","28.639E+03","2.269220E+03","-89.027"
"525","28.696E+03","2.264408E+03","-89.024"
"526","28.754E+03","2.259440E+03","-89.026"
"527","28.812E+03","2.254523E+03","-89.021"
"528","28.870E+03","2.249688E+03","-89.022"
"529","28.928E+03","2.244757E+03","-89.018"
"530","28.986E+03","2.239868E+03","-89.013"
"531","29.045E+03","2.234970E+03","-89.012"
"532","29.103E+03","2.229905E+03","-89.008"
"533","29.162E+03","2.224876E+03","-89.001"
"534","29.221E+03","2.219830E+03","-88.994"
"535","29.279E+03","2.215029E+03","-88.983"
"536","29.338E+03","2.209927E+03","-88.965"
"537","29.397E+03","2.205215E+03","-88.944"
"538","29.457E+03","2.200465E+03","-88.912"
"539","29.516E+03","2.196374E+03","-88.879"
"540","29.575E+03","2.193091E+03","-88.846"
"541","29.635E+03","2.190214E+03","-88.830"
"542","29.695E+03","2.187413E+03","-88.848"
"543","29.754E+03","2.184116E+03","-88.887"
"544","29.814E+03","2.179891E+03","-88.917"
"545","29.874E+03","2.175203E+03","-88.941"
"546","29.935E+03","2.170351E+03","-88.959"
"547","29.995E+03","2.165435E+03","-88.969"
"548","30.055E+03","2.160652E+03","-88.982"
"549","30.116E+03","2.155869E+03","-88.989"
"550","30.176E+03","2.151150E+03","-88.988"
"551","30.237E+03","2.146457E+03","-88.998"
"552","30.298E+03","2.141688E+03","-88.997"
"553","30.359E+03","2.137081E+03","-89.002"
"554","30.420E+03","2.132236E+03","-89.003"
"555","30.482E+03","2.127557E+03","-89.008"
"556","30.543E+03","2.122879E+03","-89.008"
"557","30.604E+03","2.118355E+03","-89.008"
"558","30.666E+03","2.113609E+03","-89.008"
"559","30.728E+03","2.109024E+03","-89.013"
"560","30.790E+03","2.104313E+03","-89.010"
"561","30.852E+03","2.099927E+03","-89.013"
"562","30.914E+03","2.095195E+03","-89.010"
"563","30.976E+03","2.090663E+03","-89.010"
"564","31.038E+03","2.085999E+03","-89.009"
"565","31.101E+03","2.081522E+03","-89.003"
"566","31.164E+03","2.076722E+03","-88.997"
"567","31.226E+03","2.072277E+03","-88.991"
"568","31.289E+03","2.067925E+03","-88.988"
"569","31.352E+03","2.063804E+03","-88.977"
"570","31.415E+03","2.059506E+03","-88.972"
"571","31.479E+03","2.055379E+03","-88.968"
"572","31.542E+03","2.051221E+03","-88.965"
"573","31.606E+03","2.047088E+03","-88.969"
"574","31.669E+03","2.042940E+03","-88.976"
"575","31.733E+03","2.038622E+03","-88.985"
"576","31.797E+03","2.034295E+03","-88.983"
"577","31.861E+03","2.029787E+03","-88.987"
"578","31.925E+03","2.025475E+03","-88.993"
"579","31.989E+03","2.021036E+03","-88.991"
"580","32.054E+03","2.016708E+03","-88.994"
"581","32.118E+03","2.012337E+03","-88.995"
"582","32.183E+03","2.007894E+03","-88.994"
"583","32.248E+03","2.003559E+03","-88.996"
"584","32.313E+03","1.999479E+03","-88.996"
"585","32.378E+03","1.995088E+03","-88.993"
"586","32.443E+03","1.990775E+03","-88.997"
"587","32.508E+03","1.986497E+03","-88.996"
"588","32.574E+03","1.982052E+03","-88.997"
"589","32.639E+03","1.977831E+03","-88.996"
"590","32.705E+03","1.973651E+03","-88.993"
"591","32.771E+03","1.969392E+03","-88.997"
"592","32.837E+03","1.965134E+03","-88.999"
"593","32.903E+03","1.960904E+03","-88.993"
"594","32.969E+03","1.956612E+03","-88.998"
"595","33.036E+03","1.952404E+03","-88.995"
"596","33.102E+03","1.948185E+03","-88.997"
"597","33.169E+03","1.943900E+03","-88.998"
"598","33.236E+03","1.939852E+03","-88.995"
"599","33.303E+03","1.935493E+03","-88.994"
"600","33.370E+03","1.931427E+03","-88.996"
"601","33.437E+03","1.927215E+03","-88.998"
"602","33.504E+03","1.923098E+03","-88.998"
"603","33.572E+03","1.918966E+03","-88.994"
"604","33.639E+03","1.914896E+03","-88.999"
"605","33.707E+03","1.910561E+03","-88.996"
"606","33.775E+03","1.906423E+03","-88.997"
"607","33.843E+03","1.902283E+03","-88.997"
"608","33.911E+03","1.898231E+03","-88.996"
"609","33.980E+03","1.894110E+03","-89.000"
"610","34.048E+03","1.889986E+03","-88.998"
"611","34.117E+03","1.885817E+03","-89.002"
"612","34.185E+03","1.881741E+03","-88.997"
"613","34.254E+03","1.877646E+03","-88.999"
"614","34.323E+03","1.873542E+03","-89.000"
"615","34.392E+03","1.869536E+03","-88.996"
"616","34.461E+03","1.865339E+03","-88.997"
"617","34.531E+03","1.861368E+03","-88.993"
"618","34.600E+03","1.857373E+03","-88.994"
"619","34.670E+03","1.853301E+03","-88.996"
"620","34.740E+03","1.849171E+03","-88.997"
"621","34.810E+03","1.845041E+03","-88.999"
"622","34.880E+03","1.841208E+03","-88.995"
"623","34.950E+03","1.837205E+03","-88.992"
"624","35.021E+03","1.833099E+03","-88.993"
"625","35.091E+03","1.829286E+03","-88.994"
"626","35.162E+03","1.825103E+03","-88.995"
"627","35.233E+03","1.821075E+03","-88.994"
"628","35.303E+03","1.817195E+03","-88.994"
"629","35.375E+03","1.813074E+03","-88.992"
"630","35.446E+03","1.809197E+03","-88.994"
"631","35.517E+03","1.805266E+03","-88.992"
"632","35.589E+03","1.801226E+03","-88.994"
"633","35.660E+03","1.797351E+03","-88.992"
"634","35.732E+03","1.793434E+03","-88.990"
"635","35.804E+03","1.789491E+03","-88.993"
"636","35.876E+03","1.785491E+03","-88.991"
"637","35.949E+03","1.781475E+03","-88.989"
"638","36.021E+03","1.777587E+03","-88.990"
"639","36.093E+03","1.773816E+03","-88.988"
"640","36.166E+03","1.769803E+03","-88.989"
"641","36.239E+03","1.765906E+03","-88.990"
"642","36.312E+03","1.762007E+03","-88.987"
"643","36.385E+03","1.758213E+03","-88.987"
"644","36.458E+03","1.754345E+03","-88.986"
"645","36.532E+03","1.750332E+03","-88.989"
"646","36.605E+03","1.746486E+03","-88.988"
"647","36.679E+03","1.742736E+03","-88.986"
"648","36.753E+03","1.738949E+03","-88.986"
"649","36.827E+03","1.735011E+03","-88.986"
"650","36.901E+03","1.731237E+03","-88.986"
"651","36.975E+03","1.727344E+03","-88.988"
"652","37.050E+03","1.723504E+03","-88.984"
"653","37.124E+03","1.719802E+03","-88.979"
"654","37.199E+03","1.715882E+03","-88.983"
"655","37.274E+03","1.712134E+03","-88.982"
"656","37.349E+03","1.708346E+03","-88.982"
"657","37.424E+03","1.704583E+03","-88.981"
"658","37.500E+03","1.700710E+03","-88.983"
"659","37.575E+03","1.697047E+03","-88.979"
"660","37.651E+03","1.693163E+03","-88.977"
"661","37.727E+03","1.689434E+03","-88.980"
"662","37.803E+03","1.685631E+03","-88.978"
"663","37.879E+03","1.681996E+03","-88.978"
"664","37.955E+03","1.678075E+03","-88.976"
"665","38.032E+03","1.674392E+03","-88.975"
"666","38.108E+03","1.670844E+03","-88.972"
"667","38.185E+03","1.667037E+03","-88.972"
"668","38.262E+03","1.663291E+03","-88.974"
"669","38.339E+03","1.659569E+03","-88.972"
"670","38.416E+03","1.655887E+03","-88.969"
"671","38.493E+03","1.652183E+03","-88.970"
"672","38.571E+03","1.648488E+03","-88.972"
"673","38.649E+03","1.644744E+03","-88.966"
"674","38.727E+03","1.641056E+03","-88.968"
"675","38.805E+03","1.637408E+03","-88.968"
"676","38.883E+03","1.633714E+03","-88.964"
"677","38.961E+03","1.630092E+03","-88.962"
"678","39.039E+03","1.626588E+03","-88.962"
"679","39.118E+03","1.622828E+03","-88.961"
"680","39.197E+03","1.619288E+03","-88.961"
"681","39.276E+03","1.615570E+03","-88.960"
"682","39.355E+03","1.611961E+03","-88.959"
"683","39.434E+03","1.608424E+03","-88.958"
"684","39.514E+03","1.604715E+03","-88.956"
"685","39.593E+03","1.601178E+03","-88.954"
"686","39.673E+03","1.597587E+03","-88.953"
"687","39.753E+03","1.593980E+03","-88.955"
"688","39.833E+03","1.590479E+03","-88.953"
"689","39.913E+03","1.586951E+03","-88.952"
"690","39.993E+03","1.583388E+03","-88.949"
"691","40.074E+03","1.579717E+03","-88.951"
"692","40.155E+03","1.576340E+03","-88.950"
"693","40.235E+03","1.572753E+03","-88.951"
"694","40.316E+03","1.569156E+03","-88.951"
"695","40.398E+03","1.565682E+03","-88.951"
"696","40.479E+03","1.562209E+03","-88.948"
"697","40.561E+03","1.558617E+03","-88.945"
"698","40.642E+03","1.555070E+03","-88.949"
"699","40.724E+03","1.551624E+03","-88.946"
"700","40.806E+03","1.548135E+03","-88.948"
"701","40.888E+03","1.544587E+03","-88.950"
"702","40.971E+03","1.541160E+03","-88.946"
"703","41.053E+03","1.537629E+03","-88.950"
"704","41.136E+03","1.534057E+03","-88.948"
"705","41.219E+03","1.530630E+03","-88.949"
"706","41.302E+03","1.527184E+03","-88.949"
"707","41.385E+03","1.523721E+03","-88.948"
"708","41.468E+03","1.520235E+03","-88.949"
"709","41.552E+03","1.516719E+03","-88.946"
"710","41.635E+03","1.513302E+03","-88.951"
"711","41.719E+03","1.509901E+03","-88.948"
"712","41.803E+03","1.506426E+03","-88.949"
"713","41.887E+03","1.503011E+03","-88.951"
"714","41.972E+03","1.499570E+03","-88.948"
"715","42.056E+03","1.496106E+03","-88.951"
"716","42.141E+03","1.492576E+03","-88.952"
"717","42.226E+03","1.489221E+03","-88.949"
"718","42.311E+03","1.485703E+03","-88.951"
"719","42.396E+03","1.482410E+03","-88.949"
"720","42.481E+03","1.478923E+03","-88.951"
"721","42.567E+03","1.475509E+03","-88.949"
"722","42.653E+03","1.472116E+03","-88.948"
"723","42.739E+03","1.468721E+03","-88.949"
"724","42.825E+03","1.465293E+03","-88.950"
"725","42.911E+03","1.461934E+03","-88.948"
"726","42.997E+03","1.458584E+03","-88.951"
"727","43.084E+03","1.455191E+03","-88.949"
"728","43.171E+03","1.451770E+03","-88.948"
"729","43.258E+03","1.448418E+03","-88.947"
"730","43.345E+03","1.445116E+03","-88.949"
"731","43.432E+03","1.441794E+03","-88.948"
"732","43.519E+03","1.438316E+03","-88.947"
"733","43.607E+03","1.435089E+03","-88.945"
"734","43.695E+03","1.431630E+03","-88.947"
"735","43.783E+03","1.428327E+03","-88.947"
"736","43.871E+03","1.424956E+03","-88.944"
"737","43.959E+03","1.421634E+03","-88.943"
"738","44.048E+03","1.418349E+03","-88.946"
"739","44.137E+03","1.415013E+03","-88.945"
"740","44.226E+03","1.411619E+03","-88.945"
"741","44.315E+03","1.408425E+03","-88.941"
"742","44.404E+03","1.405051E+03","-88.942"
"743","44.493E+03","1.401776E+03","-88.945"
"744","44.583E+03","1.398506E+03","-88.943"
"745","44.673E+03","1.395192E+03","-88.942"
"746","44.763E+03","1.391852E+03","-88.942"
"747","44.853E+03","1.388573E+03","-88.942"
"748","44.943E+03","1.385312E+03","-88.940"
"749","45.034E+03","1.382127E+03","-88.939"
"750","45.124E+03","1.378833E+03","-88.941"
"751","45.215E+03","1.375597E+03","-88.941"
"752","45.306E+03","1.372242E+03","-88.938"
"753","45.397E+03","1.369029E+03","-88.937"
"754","45.489E+03","1.365757E+03","-88.936"
"755","45.581E+03","1.362466E+03","-88.938"
"756","45.672E+03","1.359289E+03","-88.938"
"757","45.764E+03","1.356059E+03","-88.936"
"758","45.856E+03","1.352860E+03","-88.935"
"759","45.949E+03","1.349612E+03","-88.935"
"760","46.041E+03","1.346433E+03","-88.933"
"761","46.134E+03","1.343200E+03","-88.932"
"762","46.227E+03","1.339960E+03","-88.932"
"763","46.320E+03","1.336810E+03","-88.929"
"764","46.413E+03","1.333570E+03","-88.931"
"765","46.507E+03","1.330378E+03","-88.929"
"766","46.600E+03","1.327218E+03","-88.928"
"767","46.694E+03","1.324015E+03","-88.927"
"768","46.788E+03","1.320851E+03","-88.926"
"769","46.883E+03","1.317629E+03","-88.925"
"770","46.977E+03","1.314421E+03","-88.926"
"771","47.072E+03","1.311300E+03","-88.924"
"772","47.166E+03","1.308229E+03","-88.923"
"773","47.261E+03","1.305021E+03","-88.926"
"774","47.357E+03","1.301880E+03","-88.923"
"775","47.452E+03","1.298715E+03","-88.921"
"776","47.547E+03","1.295582E+03","-88.922"
"777","47.643E+03","1.292448E+03","-88.921"
"778","47.739E+03","1.289329E+03","-88.922"
"779","47.835E+03","1.286162E+03","-88.921"
"780","47.932E+03","1.283026E+03","-88.917"
"781","48.028E+03","1.279867E+03","-88.919"
"782","48.125E+03","1.276733E+03","-88.915"
"783","48.222E+03","1.273628E+03","-88.914"
"784","48.319E+03","1.270498E+03","-88.914"
"785","48.416E+03","1.267498E+03","-88.913"
"786","48.514E+03","1.264347E+03","-88.912"
"787","48.611E+03","1.261221E+03","-88.914"
"788","48.709E+03","1.258144E+03","-88.909"
"789","48.807E+03","1.255040E+03","-88.910"
"790","48.906E+03","1.251980E+03","-88.909"
"791","49.004E+03","1.248857E+03","-88.909"
"792","49.103E+03","1.245742E+03","-88.908"
"793","49.202E+03","1.242707E+03","-88.907"
"794","49.301E+03","1.239633E+03","-88.904"
"795","49.400E+03","1.236598E+03","-88.904"
"796","49.500E+03","1.233465E+03","-88.906"
"797","49.599E+03","1.230451E+03","-88.903"
"798","49.699E+03","1.227394E+03","-88.902"
"799","49.799E+03","1.224345E+03","-88.901"
"800","49.900E+03","1.221256E+03","-88.899"
"801","50.000E+03","1.218202E+03","-88.899"

